Ngoc;01656070096;nguyenngoc101@yahoo.com
Hung;1245;hung@gmail.com
Long;789456;long@gmail.com
Kazim;65421;kazim@gmail.com
Trung;0123456;trung@gmail.com
Tamzid;098765;tamzim@gmail.com
A.Vu;2346787;vu@gmail.com
Ngoc;9800;233454
Ngoc;324;nguenngoc101@yahoo.com
dfa;adf;dfa
dfa;dfa;dfa
